line1,line2,line3,city,stateCode,postalCode,address
2995 Lincoln Farm Road,,,Hodgenville,KY,42748,"2995 Lincoln Farm Road, , , Hodgenville, KY, 42748"
25 Visitor Center Road,Hulls Cove Visitor Center,,Bar Harbor,ME,04609,"25 Visitor Center Road, Hulls Cove Visitor Center, , Bar Harbor, ME, 04609"
135 Adams Street,,,Quincy,MA,02169,"135 Adams Street, , , Quincy, MA, 02169"
1925 Vermont Avenue Northwest,,,Washington,DC,20001,"1925 Vermont Avenue Northwest, , , Washington, DC, 20001"
African Burial Ground National Monument,290 Broadway,1st Floor,New York,NY,10007,"African Burial Ground National Monument, 290 Broadway, 1st Floor, New York, NY, 10007"
301 River Road,,,Harrison,NE,69346,"301 River Road, , , Harrison, NE, 69346"
Superintendent,Ala Kahakai National Historic Trail,"73-4786 Kanalani Street, #14",Kailua-Kona,HI,96740,"Superintendent, Ala Kahakai National Historic Trail, 73-4786 Kanalani Street, #14, Kailua-Kona, HI, 96740"
"1000 Silver St., Bldg. 603",PO Box 7,,King Salmon,AK,99613,"1000 Silver St., Bldg. 603, PO Box 7, , King Salmon, AK, 99613"
605 West 4th Avenue,Suite 105,,Anchorage,AK,99501,"605 West 4th Avenue, Suite 105, , Anchorage, AK, 99501"
Alcatraz Island,,,San Francisco Bay,CA,94133,"Alcatraz Island, , , San Francisco Bay, CA, 94133"
"Affiliated Areas, Alaska Regional Office",National Park Service,240 W 5th Avenue,Anchorage,AK,99501,"Affiliated Areas, Alaska Regional Office, National Park Service, 240 W 5th Avenue, Anchorage, AK, 99501"
37084 Alibates Rd.,,,Potter County,TX,79036,"37084 Alibates Rd., , , Potter County, TX, 79036"
110 Federal Park Road,,,Gallitzin,PA,16641,"110 Federal Park Road, , , Gallitzin, PA, 16641"
County Rd 23 5/10,,,Granada,CO,81041,"County Rd 23 5/10, , , Granada, CO, 81041"
Beach Road,,,Saipan,MP,96950,"Beach Road, , , Saipan, MP, 96950"
10477 Highway 90 West,,,Del Rio,TX,78840,"10477 Highway 90 West, , , Del Rio, TX, 78840"
"1900 Anacostia Drive, S.E.",,,Washington,DC,20020,"1900 Anacostia Drive, S.E., , , Washington, DC, 20020"
Andersonville National Cemetery,National Prisoner of War Museum,496 Cemetery Road,Andersonville,GA,31711,"Andersonville National Cemetery, National Prisoner of War Museum, 496 Cemetery Road, Andersonville, GA, 31711"
Andrew Johnson NHS,,,Greeneville,TN,37743,"Andrew Johnson NHS, , , Greeneville, TN, 37743"
"1000 Silver St., Bldg. 603",PO Box 7,,KIng Salmon,AK,99613,"1000 Silver St., Bldg. 603, PO Box 7, , KIng Salmon, AK, 99613"
5831 Dunker Church Rd.,,,Sharpsburg,MD,21782,"5831 Dunker Church Rd., , , Sharpsburg, MD, 21782"
415 Washington Avenue,,,Bayfield,WI,54814,"415 Washington Avenue, , , Bayfield, WI, 54814"
Appalachian Trail Park Office,P.O. Box 50,,Harpers Ferry,WV,25425,"Appalachian Trail Park Office, P.O. Box 50, , Harpers Ferry, WV, 25425"
Appomattox Court House National Historical Park,239 George Peers Drive,,Appomattox,VA,24522,"Appomattox Court House National Historical Park, 239 George Peers Drive, , Appomattox, VA, 24522"
"5 miles north of Moab, Utah, on US 191",,,Moab,UT,84532,"5 miles north of Moab, Utah, on US 191, , , Moab, UT, 84532"
1741 Old Post Road,,,Gillett,AR,72055,"1741 Old Post Road, , , Gillett, AR, 72055"
"Arlington House, The Robert E. Lee Memorial",Arlington National Cemetery,,Arlington,VA,22211,"Arlington House, The Robert E. Lee Memorial, Arlington National Cemetery, , Arlington, VA, 22211"
7206 National Seashore Lane,,,Berlin,MD,21811,"7206 National Seashore Lane, , , Berlin, MD, 21811"
725 Ruins Road,,,Aztec,NM,87410,"725 Ruins Road, , , Aztec, NM, 87410"
25216 Ben Reifel Road,,,Interior,SD,57750,"25216 Ben Reifel Road, , , Interior, SD, 57750"
Baltimore Washington Parkway,,,Greenbelt,MD,20770,"Baltimore Washington Parkway, , , Greenbelt, MD, 20770"
Bandelier National Monument,15 Entrance RD,,Los Alamos,NM,87544,"Bandelier National Monument, 15 Entrance RD, , Los Alamos, NM, 87544"
144 Constitution Ave NE,,,Washington,DC,20002,"144 Constitution Ave NE, , , Washington, DC, 20002"
35110 State Highway 194,,,La Junta,CO,81050,"35110 State Highway 194, , , La Junta, CO, 81050"
214 Front St.,Sitnasuak Building,,Nome,AK,99762,"214 Front St., Sitnasuak Building, , Nome, AK, 99762"
1 Panther Junction,,,Big Bend National Park,TX,79834,"1 Panther Junction, , , Big Bend National Park, TX, 79834"
33100 Tamiami Trail East,,,Ochopee,FL,34141,"33100 Tamiami Trail East, , , Ochopee, FL, 34141"
16425 Highway 43 West,,,Wisdom,MT,59761,"16425 Highway 43 West, , , Wisdom, MT, 59761"
4564 Leatherwood Road,,,Oneida,TN,37841,"4564 Leatherwood Road, , , Oneida, TN, 37841"
6102 FM 420,,,Kountze,TX,77625,"6102 FM 420, , , Kountze, TX, 77625"
Bighorn Canyon National Recreation Area South District Visitor Center,20 US Hwy 14A,,Lovell,WY,82431,"Bighorn Canyon National Recreation Area South District Visitor Center, 20 US Hwy 14A, , Lovell, WY, 82431"
A.G. Gaston Motel,1520 5th Avenue North,,Birmingham,AL,35203,"A.G. Gaston Motel, 1520 5th Avenue North, , Birmingham, AL, 35203"
9700 SW 328th Street,Sir Lancelot Jones Way,,Homestead,FL,33033,"9700 SW 328th Street, Sir Lancelot Jones Way, , Homestead, FL, 33033"
South Rim Visitor Center,9800 Highway 347,,Montrose,CO,81401,"South Rim Visitor Center, 9800 Highway 347, , Montrose, CO, 81401"
67 Roosevelt Ave,,,Pawtucket,RI,02860,"67 Roosevelt Ave, , , Pawtucket, RI, 02860"
501 South Abbott Street,,,Marfa,TX,79843,"501 South Abbott Street, , , Marfa, TX, 79843"
Milepost 384,,,Asheville,NC,28803,"Milepost 384, , , Asheville, NC, 28803"
3405 Pipestem Drive,,,Pipestem,WV,25979,"3405 Pipestem Drive, , , Pipestem, WV, 25979"
12130 Booker T. Washington Highway,,,Hardy,VA,24101,"12130 Booker T. Washington Highway, , , Hardy, VA, 24101"
15 State Street,Boston African American National Historical Site,,Boston,MA,02109,"15 State Street, Boston African American National Historical Site, , Boston, MA, 02109"
15 State Street,4th Floor,,Boston,MA,02109,"15 State Street, 4th Floor, , Boston, MA, 02109"
Boston National Historical Park,21 Second Ave,,Charlestown,MA,02129,"Boston National Historical Park, 21 Second Ave, , Charlestown, MA, 02129"
260 Bethany Rd,,,Guntown,MS,38849,"260 Bethany Rd, , , Guntown, MS, 38849"
1515 SE Monroe Street,,,Topeka,KS,66612-1143,"1515 SE Monroe Street, , , Topeka, KS, 66612-1143"
Highway 63,Bryce Canyon National Park,,Bryce,UT,84764,"Highway 63, Bryce Canyon National Park, , Bryce, UT, 84764"
2100 Church St. #100,,,"Christiansted, St. Croix",VI,00820,"2100 Church St. #100, , , Christiansted, St. Croix, VI, 00820"
170 Ranger Road,,,St. Joe,AR,72675,"170 Ranger Road, , , St. Joe, AR, 72675"
1800 Cabrillo Memorial Drive,,,San Diego,CA,92106,"1800 Cabrillo Memorial Drive, , , San Diego, CA, 92106"
National Trails Office Regions 6|7|8,California National Historic Trail,1100 Old Santa Fe Trail,Santa Fe,NM,87505,"National Trails Office Regions 6|7|8, California National Historic Trail, 1100 Old Santa Fe Trail, Santa Fe, NM, 87505"
6614 Danville Road Loop 2,,,Nicholasville,KY,40356,"6614 Danville Road Loop 2, , , Nicholasville, KY, 40356"
"Apollo Visitor Center,",7611 S Atlantic Ave,,New Smyrna Beach,FL,32169,"Apollo Visitor Center,, 7611 S Atlantic Ave, , New Smyrna Beach, FL, 32169"
"4386 Highway 494, Natchez, LA 71456 (Oakland )","5549 Highway 119, Cloutierville, LA  71416 (Magnolia)",,Natchitoches Parish,LA,71457,"4386 Highway 494, Natchez, LA 71456 (Oakland ), 5549 Highway 119, Cloutierville, LA  71416 (Magnolia), , Natchitoches Parish, LA, 71457"
3 miles E of Highway 191 on Route 7,,,Chinle,AZ,86503,"3 miles E of Highway 191 on Route 7, , , Chinle, AZ, 86503"
Island in the Sky - 33 miles from Moab on UT 313,The Needles - 49 miles from Monticello on UT 211,The Maze - 68 miles from Hanksville off UT 24 - unpaved roads,Moab,UT,84532,"Island in the Sky - 33 miles from Moab on UT 313, The Needles - 49 miles from Monticello on UT 211, The Maze - 68 miles from Hanksville off UT 24 - unpaved roads, Moab, UT, 84532"
50 Nauset Road,,,Eastham,MA,02642,"50 Nauset Road, , , Eastham, MA, 02642"
46375 Lighthouse Road,Cape Hatteras Light Station,,Buxton,NC,27920,"46375 Lighthouse Road, Cape Hatteras Light Station, , Buxton, NC, 27920"
Atlantic Ave,,,Fort Story,VA,23459,"Atlantic Ave, , , Fort Story, VA, 23459"
171 3rd Ave,,,Kotzebue,AK,99752,"171 3rd Ave, , , Kotzebue, AK, 99752"
1800 Island Rd,,,Harkers Island,NC,28531,"1800 Island Rd, , , Harkers Island, NC, 28531"
Capitol Hill Parks are spread out in various locations on Capitol Hill,,,Washington,DC,20003,"Capitol Hill Parks are spread out in various locations on Capitol Hill, , , Washington, DC, 20003"
52 West Headquarters Drive,,,Torrey,UT,84775,"52 West Headquarters Drive, , , Torrey, UT, 84775"
1368 Colonial Parkway,,,Jamestown,VA,23081,"1368 Colonial Parkway, , , Jamestown, VA, 23081"
46 volcano Highway,,,Capulin,NM,88414,"46 volcano Highway, , , Capulin, NM, 88414"
81 Carl Sandburg Lane,,,Flat Rock,NC,28731,"81 Carl Sandburg Lane, , , Flat Rock, NC, 28731"
727 Carlsbad Caverns Highway,,,Carlsbad,NM,88220,"727 Carlsbad Caverns Highway, , , Carlsbad, NM, 88220"
1538 Ninth Street NW,,,Washington,DC,20001,"1538 Ninth Street NW, , , Washington, DC, 20001"
1100 W. Ruins Drive,,,Coolidge,AZ,85128,"1100 W. Ruins Drive, , , Coolidge, AZ, 85128"
11 South Castillo Drive,,,Saint Augustine,FL,32084,"11 South Castillo Drive, , , Saint Augustine, FL, 32084"
Battery Park,,,New York,NY,10004,"Battery Park, , , New York, NY, 10004"
Castle Mountains National Monument,2701 Barstow Road,,Barstow,CA,92311,"Castle Mountains National Monument, 2701 Barstow Road, , Barstow, CA, 92311"
14707 Park Central Road,,,Thurmont,MD,21788,"14707 Park Central Road, , , Thurmont, MD, 21788"
Cedar Breaks National Monument,4730 South Highway 148,,Brian Head,UT,84719,"Cedar Breaks National Monument, 4730 South Highway 148, , Brian Head, UT, 84719"
7712 Main Street,,,Middletown,VA,22645,"7712 Main Street, , , Middletown, VA, 22645"
1808 CR 7950,,,Nageezi,NM,87037,"1808 CR 7950, , , Nageezi, NM, 87037"
800 South San Marcial Street,,,El Paso,TX,79905,"800 South San Marcial Street, , , El Paso, TX, 79905"
1901 Spinnaker Drive,,,Ventura,CA,93001,"1901 Spinnaker Drive, , , Ventura, CA, 93001"
1254 Long Point Road,,,Mount Pleasant,SC,29464,"1254 Long Point Road, , , Mount Pleasant, SC, 29464"
1120 U.S. Route 42 E,,,Wilberforce,OH,45384,"1120 U.S. Route 42 E, , , Wilberforce, OH, 45384"
8800 Roberts Drive,,,Sandy Springs,GA,30350,"8800 Roberts Drive, , , Sandy Springs, GA, 30350"
142 W. Potomac St.,,,Williamsport,MD,21795,"142 W. Potomac St., , , Williamsport, MD, 21795"
1750 Forest Drive,Suite 140,,Annapolis,MD,21401,"1750 Forest Drive, Suite 140, , Annapolis, MD, 21401"
3370 LaFayette Road,,,Fort Oglethorpe,GA,30742,"3370 LaFayette Road, , , Fort Oglethorpe, GA, 30742"
901 W. 1st Street,,,Sulphur,OK,73086,"901 W. 1st Street, , , Sulphur, OK, 73086"
12856 E Rhyolite Creek Rd,,,Willcox,AZ,85643,"12856 E Rhyolite Creek Rd, , , Willcox, AZ, 85643"
2100 Church St. #100,,,Christiansted,VI,00820,"2100 Church St. #100, , , Christiansted, VI, 00820"
City of Rocks National Reserve,3035 Elba-Almo Road,,Almo,ID,83312,"City of Rocks National Reserve, 3035 Elba-Almo Road, , Almo, ID, 83312"
Civil War Defenses of Washington,6625 Georgia Ave N.W.,,Washington,DC,20012,"Civil War Defenses of Washington, 6625 Georgia Ave N.W., , Washington, DC, 20012"
5801 Oxford Road,,,Glen Echo,MD,20812,"5801 Oxford Road, , , Glen Echo, MD, 20812"
1000 Colonial Parkway,,,Yorktown,VA,23690,"1000 Colonial Parkway, , , Yorktown, VA, 23690"
1750 Rim Rock Drive,,,Fruita,CO,81521,"1750 Rim Rock Drive, , , Fruita, CO, 81521"
120 Huyshope Ave,,,Hartford,CT,06106,"120 Huyshope Ave, , , Hartford, CT, 06106"
100 National Park Road,,,Hopkins,SC,29061,"100 National Park Road, , , Hopkins, SC, 29061"
1850 Constitution Ave. NW,,,Washington,DC,20002,"1850 Constitution Ave. NW, , , Washington, DC, 20002"
4101 E Montezuma Canyon Road,,,Hereford,AZ,85615,"4101 E Montezuma Canyon Road, , , Hereford, AZ, 85615"
Cowpens National Battlefield,4001 Chesnee Hwy,,Gaffney,SC,29341,"Cowpens National Battlefield, 4001 Chesnee Hwy, , Gaffney, SC, 29341"
Crater Lake National Park,1 Sager Building,,Crater Lake,OR,97604,"Crater Lake National Park, 1 Sager Building, , Crater Lake, OR, 97604"
Craters of the Moon National Monument,1266 Craters Loop Road,,Arco,ID,83213,"Craters of the Moon National Monument, 1266 Craters Loop Road, , Arco, ID, 83213"
91 Bartlett Park Road,,,Middlesboro,KY,40965,"91 Bartlett Park Road, , , Middlesboro, KY, 40965"
113 St. Marys St W,,,St. Marys,GA,31558,"113 St. Marys St W, , , St. Marys, GA, 31558"
102 Elk Creek,,,Gunnison,CO,81230,"102 Elk Creek, , , Gunnison, CO, 81230"
6947 Riverview Road,,,Peninsula,OH,44264,"6947 Riverview Road, , , Peninsula, OH, 44264"
29700 Woodford-Tehachapi Road,,,Keene,CA,93531,"29700 Woodford-Tehachapi Road, , , Keene, CA, 93531"
16 South Williams Street,,,Dayton,OH,45402,"16 South Williams Street, , , Dayton, OH, 45402"
8300 De Soto Memorial Hwy,,,Bradenton,FL,34209,"8300 De Soto Memorial Hwy, , , Bradenton, FL, 34209"
PO Box 579,,,Death Valley,CA,92328,"PO Box 579, , , Death Valley, CA, 92328"
1978 River Road,,,Bushkill,PA,18324,"1978 River Road, , , Bushkill, PA, 18324"
Mile 237 Highway 3,,,Denali Park,AK,99755,"Mile 237 Highway 3, , , Denali Park, AK, 99755"
Devils Postpile Access Road,,,Mammoth Lakes,CA,93546,"Devils Postpile Access Road, , , Mammoth Lakes, CA, 93546"
149 State Highway 110,,,Devils Tower,WY,82714,"149 State Highway 110, , , Devils Tower, WY, 82714"
11625 E 1500 S,,,Jensen,UT,84035,"11625 E 1500 S, , , Jensen, UT, 84035"
40001 SR-9336,,,Homestead,FL,33034,"40001 SR-9336, , , Homestead, FL, 33034"
540 Independence Avenue SW,,,Washington,DC,20202,"540 Independence Avenue SW, , , Washington, DC, 20202"
162 Cemetery Road,,,Coupeville,WA,98239,"162 Cemetery Road, , , Coupeville, WA, 98239"
532 N. 7th Street,,,Philadelphia,PA,19123,"532 N. 7th Street, , , Philadelphia, PA, 19123"
151 Hwy 76,,,Harpers Ferry,IA,52146,"151 Hwy 76, , , Harpers Ferry, IA, 52146"
243 Eisenhower Farm Road,,,Gettysburg,PA,17325,"243 Eisenhower Farm Road, , , Gettysburg, PA, 17325"
National Trails Office  Regions 6|7|8,El Camino Real de Tierra Adentro National Historic Trail,1100 Old Santa Fe Trail,Santa Fe,NM,87505,"National Trails Office  Regions 6|7|8, El Camino Real de Tierra Adentro National Historic Trail, 1100 Old Santa Fe Trail, Santa Fe, NM, 87505"
National Trails Office Regions 6|7|8,El Camino Real de los Tejas National Historic Trail,1100 Old Santa Fe Trail,Santa Fe,NM,87505,"National Trails Office Regions 6|7|8, El Camino Real de los Tejas National Historic Trail, 1100 Old Santa Fe Trail, Santa Fe, NM, 87505"
1900 E. Santa Fe Ave.,,,Grants,NM,87020,"1900 E. Santa Fe Ave., , , Grants, NM, 87020"
Mile Marker 44.6 Hwy 53,,,Ramah,NM,87321,"Mile Marker 44.6 Hwy 53, , , Ramah, NM, 87321"
54 Valkill Park Road,,,Hyde Park,NY,12538,"54 Valkill Park Road, , , Hyde Park, NY, 12538"
Ellis Island National Museum of Immigration,Statue of Liberty National Monument,,New York,NY,10004,"Ellis Island National Museum of Immigration, Statue of Liberty National Monument, , New York, NY, 10004"
205 Railroad Avenue,,,Danville,CA,94526,"205 Railroad Avenue, , , Danville, CA, 94526"
40001 State Road 9336,,,Homestead,FL,33034,"40001 State Road 9336, , , Homestead, FL, 33034"
15 Pine Street,,,New York,NY,10005,"15 Pine Street, , , New York, NY, 10005"
120 Laurel Street,,,Patchogue,NY,11772,"120 Laurel Street, , , Patchogue, NY, 11772"
205 Market Avenue South,,,Canton,OH,44702-2107,"205 Market Avenue South, , , Canton, OH, 44702-2107"
New Castle Court House Museum,211 Delaware Street,,New Castle,DE,19720,"New Castle Court House Museum, 211 Delaware Street, , New Castle, DE, 19720"
6424 Lincoln Highway,,,Stoystown,PA,15563,"6424 Lincoln Highway, , , Stoystown, PA, 15563"
15807 Teller County Road 1,,,Florissant,CO,80816,"15807 Teller County Road 1, , , Florissant, CO, 80816"
511 10th Street NW,,,Washington,DC,20004,"511 10th Street NW, , , Washington, DC, 20004"
3500 South Apache Pass Road,,,Bowie,AZ,85605,"3500 South Apache Pass Road, , , Bowie, AZ, 85605"
101 Lt. Flipper Dr. #1379,P.O. Box 1379,,Fort Davis,TX,79734,"101 Lt. Flipper Dr. #1379, P.O. Box 1379, , Fort Davis, TX, 79734"
174 National Cemetery Drive,PO Box 434,,Dover,TN,37058,"174 National Cemetery Drive, PO Box 434, , Dover, TN, 37058"
National Capitol Parks-East,1900 Anacostia Drive SE,,Washington,DC,20020,"National Capitol Parks-East, 1900 Anacostia Drive SE, , Washington, DC, 20020"
8915 Fort Foote Road,,,Oxon Hill,MD,20745,"8915 Fort Foote Road, , , Oxon Hill, MD, 20745"
Fort Frederica National Monument,6515 Frederica Rd.,,St. Simons Island,GA,31522,"Fort Frederica National Monument, 6515 Frederica Rd., , St. Simons Island, GA, 31522"
965 Gray Rocks Road,,,Fort Laramie,WY,82212,"965 Gray Rocks Road, , , Fort Laramie, WY, 82212"
1767 KS Hwy 156,,,Larned,KS,67550,"1767 KS Hwy 156, , , Larned, KS, 67550"
8635 A1A South,,,Saint Augustine,FL,32080,"8635 A1A South, , , Saint Augustine, FL, 32080"
2400 East Fort Avenue,,,Baltimore,MD,21230,"2400 East Fort Avenue, , , Baltimore, MD, 21230"
41 Bernard Road,Building #17,,Fort Monroe,VA,23651-1001,"41 Bernard Road, Building #17, , Fort Monroe, VA, 23651-1001"
1 Washington Parkway,,,Farmington,PA,15437,"1 Washington Parkway, , , Farmington, PA, 15437"
Fort Point National Historic Site,"Building 999, Marine Drive",,San Francisco,CA,94129,"Fort Point National Historic Site, Building 999, Marine Drive, , San Francisco, CA, 94129"
101 Fort Pulaski Road,,,Savannah,GA,31410,"101 Fort Pulaski Road, , , Savannah, GA, 31410"
1500 Fort Raleigh Road,,,Manteo,NC,27954,"1500 Fort Raleigh Road, , , Manteo, NC, 27954"
1 Old Fort Blvd.,,,Fort Scott,KS,66701,"1 Old Fort Blvd., , , Fort Scott, KS, 66701"
301 Parker Ave,,,Fort Smith,AR,72901,"301 Parker Ave, , , Fort Smith, AR, 72901"
100 North James St.,,,Rome,NY,13440,"100 North James St., , , Rome, NY, 13440"
340 Concord Street,,,Charleston,SC,29401,"340 Concord Street, , , Charleston, SC, 29401"
3115 NM Highway 161,,,Watrous,NM,87753,"3115 NM Highway 161, , , Watrous, NM, 87753"
15550 Highway 1804,,,Williston,ND,58801,"15550 Highway 1804, , , Williston, ND, 58801"
1001 E 5th St,,,Vancouver,WA,98661,"1001 E 5th St, , , Vancouver, WA, 98661"
13551 Fort Washington Road,,,Fort Washington,MD,20744,"13551 Fort Washington Road, , , Fort Washington, MD, 20744"
864 Chicken Creek Road,,,Kemmerer,WY,83101,"864 Chicken Creek Road, , , Kemmerer, WY, 83101"
400 West Basin Drive SW,,,Washington,DC,20002,"400 West Basin Drive SW, , , Washington, DC, 20002"
1411 W Street SE,,,Washington,DC,20020,"1411 W Street SE, , , Washington, DC, 20020"
99 Warren Street,,,Brookline,MA,02445,"99 Warren Street, , , Brookline, MA, 02445"
120 Chatham Ln,,,Fredericksburg,VA,22405,"120 Chatham Ln, , , Fredericksburg, VA, 22405"
Freedom Riders National Monument,1031 Gurnee Ave,,Anniston,AL,36201,"Freedom Riders National Monument, 1031 Gurnee Ave, , Anniston, AL, 36201"
223 New Geneva Rd.,,,Point Marion,PA,15470,"223 New Geneva Rd., , , Point Marion, PA, 15470"
101 Dunkel St,,,Fairbanks,AK,99701,"101 Dunkel St, , , Fairbanks, AK, 99701"
11 North 4th Street,,,St. Louis,MO,63102,"11 North 4th Street, , , St. Louis, MO, 63102"
210 New York Avenue,,,Staten Island,NY,10305,"210 New York Avenue, , , Staten Island, NY, 10305"
Gauley River National Recreation Area,104 Main Street,,Glen Jean,WV,25846-0246,"Gauley River National Recreation Area, 104 Main Street, , Glen Jean, WV, 25846-0246"
Riverside Drive and W. 122nd Street,,,New York,NY,10027,"Riverside Drive and W. 122nd Street, , , New York, NY, 10027"
401 S. 2nd Street,,,Vincennes,IN,47591,"401 S. 2nd Street, , , Vincennes, IN, 47591"
1732 Popes Creek Road,,,Colonial Beach,VA,22443,"1732 Popes Creek Road, , , Colonial Beach, VA, 22443"
5646 Carver Road,,,Diamond,MO,64840,"5646 Carver Road, , , Diamond, MO, 64840"
George Washington Memorial Parkway Headquarters,700 George Washington Memorial Parkway,,McLean,VA,22101,"George Washington Memorial Parkway Headquarters, 700 George Washington Memorial Parkway, , McLean, VA, 22101"
1195 Baltimore Pike,,,Gettysburg,PA,17325,"1195 Baltimore Pike, , , Gettysburg, PA, 17325"
26 Jim Bradford Trail,,,Mimbres,NM,88049,"26 Jim Bradford Trail, , , Mimbres, NM, 88049"
1 Park Road,,,Gustavus,AK,99826,"1 Park Road, , , Gustavus, AK, 99826"
64 Grinnell Drive,Glacier National Park Headquarters,,West Glacier,MT,59936,"64 Grinnell Drive, Glacier National Park Headquarters, , West Glacier, MT, 59936"
691 Scenic View Rd.,Park Headquarters,,Page,AZ,86040,"691 Scenic View Rd., Park Headquarters, , Page, AZ, 86040"
7300 MacArthur Boulevard,,,Glen Echo,MD,20812,"7300 MacArthur Boulevard, , , Glen Echo, MD, 20812"
916 S. Swanson Street,,,Philadelphia,PA,19147,"916 S. Swanson Street, , , Philadelphia, PA, 19147"
Golden Gate National Recreation Area,"Building 201, Fort Mason",,San Francisco,CA,94123-0022,"Golden Gate National Recreation Area, Building 201, Fort Mason, , San Francisco, CA, 94123-0022"
6200 North 22300 West,,,"Promontory, Utah",UT,84307,"6200 North 22300 West, , , Promontory, Utah, UT, 84307"
Governors Island,New York Harbor,,New York,NY,10004-1921,"Governors Island, New York Harbor, , New York, NY, 10004-1921"
20 South Entrance Road,,,Grand Canyon,AZ,86023,"20 South Entrance Road, , , Grand Canyon, AZ, 86023"
Public Lands Information Center,345 East Riverside Drive,,Saint George,UT,84790,"Public Lands Information Center, 345 East Riverside Drive, , Saint George, UT, 84790"
170 Mile Creek Road,,,Grand Portage,MN,55605,"170 Mile Creek Road, , , Grand Portage, MN, 55605"
103 Headquarters Loop,,,Moose,WY,83012,"103 Headquarters Loop, , , Moose, WY, 83012"
251 Grant Circle,,,Deer Lodge,MT,59722,"251 Grant Circle, , , Deer Lodge, MT, 59722"
Lehman Caves Visitor Center,Nevada 488,,Baker,NV,89311,"Lehman Caves Visitor Center, Nevada 488, , Baker, NV, 89311"
Route 50,,,Estell Manor,NJ,08330,"Route 50, , , Estell Manor, NJ, 08330"
9200 Old Dominion Dr.,,,McLean,VA,22102,"9200 Old Dominion Dr., , , McLean, VA, 22102"
Visitor Center,11999 State Highway 150,,Mosca,CO,81146,"Visitor Center, 11999 State Highway 150, , Mosca, CO, 81146"
107 Park Headquarters Road,,,Gatlinburg,TN,37738,"107 Park Headquarters Road, , , Gatlinburg, TN, 37738"
Western Louisa County,,,Multiple Privately Owned Properties,VA,23093,"Western Louisa County, , , Multiple Privately Owned Properties, VA, 23093"
6565 Greenbelt Road,,,Greenbelt,MD,20770,"6565 Greenbelt Road, , , Greenbelt, MD, 20770"
400 Pine Canyon,,,Salt Flat,TX,79847,"400 Pine Canyon, , , Salt Flat, TX, 79847"
2332 New Garden Road,,,Greensboro,NC,27410,"2332 New Garden Road, , , Greensboro, NC, 27410"
1801 Gulf Breeze Parkway,,,Gulf Breeze,FL,32563,"1801 Gulf Breeze Parkway, , , Gulf Breeze, FL, 32563"
17970 U.S. Hwy 30,,,Hagerman,ID,83332,"17970 U.S. Hwy 30, , , Hagerman, ID, 83332"
Haleakalā National Park,Route 378,,Kula,HI,96790,"Haleakalā National Park, Route 378, , Kula, HI, 96790"
414 West 141st Street,,,New York,NY,10031,"414 West 141st Street, , , New York, NY, 10031"
535 Hampton Lane,,,Towson,MD,21286,"535 Hampton Lane, , , Towson, MD, 21286"
10702 Livingston Rd.,,,Fort Washington,MD,20744,"10702 Livingston Rd., , , Fort Washington, MD, 20744"
Harpers Ferry National Historical Park,171 Shoreline Drive,,Harpers Ferry,WV,25425,"Harpers Ferry National Historical Park, 171 Shoreline Drive, , Harpers Ferry, WV, 25425"
180 South Street,,,Auburn,NY,13021,"180 South Street, , , Auburn, NY, 13021"
4068 Golden Hill Road,,,Church Creek,MD,21622,"4068 Golden Hill Road, , , Church Creek, MD, 21622"
219 North Delaware Street (Truman Home),223 North Main Street (Visitor Center)---Ticketing Location,,Independence,MO,64050,"219 North Delaware Street (Truman Home), 223 North Main Street (Visitor Center)---Ticketing Location, , Independence, MO, 64050"
1 Crater Rim Drive,,,Hawaii National Park,HI,96718,"1 Crater Rim Drive, , , Hawaii National Park, HI, 96718"
110 Parkside Drive,,,West Branch,IA,52358,"110 Parkside Drive, , , West Branch, IA, 52358"
1368 Colonial Parkway,,,Jamestown,VA,23081,"1368 Colonial Parkway, , , Jamestown, VA, 23081"
114 Estates Lane,,,Hyde Park,NY,12538,"114 Estates Lane, , , Hyde Park, NY, 12538"
8523 West State Highway 4,,,Beatrice,NE,68310,"8523 West State Highway 4, , , Beatrice, NE, 68310"
National Park Service,Honouliuli National Historic Site,"99-040 Kauhale Street, PO Box 2079",Aiea,HI,96701,"National Park Service, Honouliuli National Historic Site, 99-040 Kauhale Street, PO Box 2079, Aiea, HI, 96701"
16062 State Route 104,,,Chillicothe,OH,45601,"16062 State Route 104, , , Chillicothe, OH, 45601"
2 Mark Bird Lane,,,Elverson,PA,19520,"2 Mark Bird Lane, , , Elverson, PA, 19520"
11288 Horseshoe Bend Road,,,Daviston,AL,36256,"11288 Horseshoe Bend Road, , , Daviston, AL, 36256"
369 Central Avenue,,,Hot Springs,AR,71901,"369 Central Avenue, , , Hot Springs, AR, 71901"
Along the border between southeast Utah and southwest Colorado,"Just north and west of Cortez, CO",,Cortez,CO,81321,"Along the border between southeast Utah and southwest Colorado, Just north and west of Cortez, CO, , Cortez, CO, 81321"
1/2 mile west of Hwy 191/264,,,Ganado,AZ,86505-0150,"1/2 mile west of Hwy 191/264, , , Ganado, AZ, 86505-0150"
Program Manager,Ice Age Floods National Geologic Trail,1008 Crest Drive,Coulee Dam,WA,99116,"Program Manager, Ice Age Floods National Geologic Trail, 1008 Crest Drive, Coulee Dam, WA, 99116"
8075 Old Sauk Pass Road,,,Cross Plains,WI,53528,"8075 Old Sauk Pass Road, , , Cross Plains, WI, 53528"
599 Market Street,,,Philadelphia,PA,19106,"599 Market Street, , , Philadelphia, PA, 19106"
1215 IN-49,,,Porter,IN,46304,"1215 IN-49, , , Porter, IN, 46304"
800 East Lakeshore Drive,,,Houghton,MI,49931,"800 East Lakeshore Drive, , , Houghton, MI, 49931"
5421 North Star Street,,,Barrow,AK,99723,"5421 North Star Street, , , Barrow, AK, 99723"
8095 Mentor Avenue,,,Mentor,OH,44060,"8095 Mentor Avenue, , , Mentor, OH, 44060"
419 Decatur St,,,New Orleans,LA,70130,"419 Decatur St, , , New Orleans, LA, 70130"
11149 U.S. Hwy. 16,Building B12,,Custer,SD,57730,"11149 U.S. Hwy. 16, Building B12, , Custer, SD, 57730"
300 North Bond Street,,,Plains,GA,31780,"300 North Bond Street, , , Plains, GA, 31780"
32651 Highway 19,,,Kimberly,OR,97848,"32651 Highway 19, , , Kimberly, OR, 97848"
83 Beals Street,,,Brookline,MA,02446,"83 Beals Street, , , Brookline, MA, 02446"
4202 Alhambra Ave,,,Martinez,CA,94553,"4202 Alhambra Ave, , , Martinez, CA, 94553"
733 Lake Road,,,South Fork,PA,15956,"733 Lake Road, , , South Fork, PA, 15956"
74485 National Park Drive,,,Twentynine Palms,CA,92277-3597,"74485 National Park Drive, , , Twentynine Palms, CA, 92277-3597"
"440 Civic Center Plaza, Suite 300",,,Richmond,CA,94804,"440 Civic Center Plaza, Suite 300, , , Richmond, CA, 94804"
7 Puahi Street,,,Kalaupapa,HI,96742,"7 Puahi Street, , , Kalaupapa, HI, 96742"
"Visitor Center, Queen Ka'ahumanu Highway, south of 97 mile marker",,,Kailua-Kona,HI,96740,"Visitor Center, Queen Ka'ahumanu Highway, south of 97 mile marker, , , Kailua-Kona, HI, 96740"
PO Box 446,,,Patten,ME,04765,"PO Box 446, , , Patten, ME, 04765"
1000 Silver Street,Building 603,,King Salmon,AK,99613,"1000 Silver Street, Building 603, , King Salmon, AK, 99613"
411 Washington Street,,,Seward,AK,99664,"411 Washington Street, , , Seward, AK, 99664"
1550 Anacostia Ave. NE,,,Washington,DC,20019,"1550 Anacostia Ave. NE, , , Washington, DC, 20019"
900 Kennesaw Mountain Dr,,,Kennesaw,GA,30152,"900 Kennesaw Mountain Dr, , , Kennesaw, GA, 30152"
25970 Red Jacket Road,,,Calumet,MI,49913,"25970 Red Jacket Road, , , Calumet, MI, 49913"
2300 Park Road,,,Blacksburg,SC,29702,"2300 Park Road, , , Blacksburg, SC, 29702"
319 Second Ave S.,,,Seattle,WA,98104,"319 Second Ave S., , , Seattle, WA, 98104"
Klondike Gold Rush National Historical Park,291 Broadway,,Skagway,AK,99840,"Klondike Gold Rush National Historical Park, 291 Broadway, , Skagway, AK, 99840"
564 County Road 37,,,Stanton,ND,58571,"564 County Road 37, , , Stanton, ND, 58571"
171 3rd Ave,,,Kotzebue,AK,99752,"171 3rd Ave, , , Kotzebue, AK, 99752"
"10 Daniel French Dr, SW",,,Washington,DC,20002,"10 Daniel French Dr, SW, , , Washington, DC, 20002"
Lyndon Baines Johnson Memorial Grove,,,Washington,DC,,"Lyndon Baines Johnson Memorial Grove, , , Washington, DC, "
1 Park Place,,,Port Alsworth,AK,99653,"1 Park Place, , , Port Alsworth, AK, 99653"
Lake Mead Visitor Center,10 Lakeshore Rd,,Boulder City,NV,89005,"Lake Mead Visitor Center, 10 Lakeshore Rd, , Boulder City, NV, 89005"
419 E. Broadway,,,Fritch,TX,79036,"419 E. Broadway, , , Fritch, TX, 79036"
Lake Roosevelt National Recreation Area,1008 Crest Drive,,Coulee Dam,WA,99116,"Lake Roosevelt National Recreation Area, 1008 Crest Drive, , Coulee Dam, WA, 99116"
38050 Highway 36 East,Park Headquarters,,Mineral,CA,96063,"38050 Highway 36 East, Park Headquarters, , Mineral, CA, 96063"
1 Indian Well HQ,,,Tulelake,CA,96134,"1 Indian Well HQ, , , Tulelake, CA, 96134"
601 Riverfront Dr.,,,Omaha,NE,68102,"601 Riverfront Dr., , , Omaha, NE, 68102"
Lewis and Clark National Historical Park,92343 Fort Clatsop Road,,Astoria,OR,97103,"Lewis and Clark National Historical Park, 92343 Fort Clatsop Road, , Astoria, OR, 97103"
3027 East South Street,,,Lincoln City,IN,47552,"3027 East South Street, , , Lincoln City, IN, 47552"
426 S. 7th Street,,,Springfield,IL,62701,"426 S. 7th Street, , , Springfield, IL, 62701"
"2 Lincoln Memorial Circle, NW",,,Washington,DC,20002,"2 Lincoln Memorial Circle, NW, , , Washington, DC, 20002"
756 Battlefield Tour Road,,,Crow Agency,MT,59022,"756 Battlefield Tour Road, , , Crow Agency, MT, 59022"
4322 Little River Trail NE Ste 100,,,Fort Payne,AL,35967,"4322 Little River Trail NE Ste 100, , , Fort Payne, AL, 35967"
Little Rock Central High School NHS,2120 W. Daisy L. Gatson Bates Drive,,Little Rock,AR,72202-5212,"Little Rock Central High School NHS, 2120 W. Daisy L. Gatson Bates Drive, , Little Rock, AR, 72202-5212"
105 Brattle Street,,,Cambridge,MA,02138,"105 Brattle Street, , , Cambridge, MA, 02138"
115 John Street,,,Lowell,MA,01852,"115 John Street, , , Lowell, MA, 01852"
NPS Wild & Scenic Rivers,1234 Market Street,,Philadelphia,PA,19107,"NPS Wild & Scenic Rivers, 1234 Market Street, , Philadelphia, PA, 19107"
103 Orchard Street,,,New York,NY,10002,"103 Orchard Street, , , New York, NY, 10002"
100 Ladybird Lane,,,Johnson City,TX,78636,"100 Ladybird Lane, , , Johnson City, TX, 78636"
600 N. 2nd Street,,,Richmond,VA,23219,"600 N. 2nd Street, , , Richmond, VA, 23219"
PO Box 88,,,Madawaska,ME,04756,"PO Box 88, , , Madawaska, ME, 04756"
1 Visitor Center Parkway,,,Mammoth Cave,KY,42259-0007,"1 Visitor Center Parkway, , , Mammoth Cave, KY, 42259-0007"
6511 Sudley Road,,,Manassas,VA,20109,"6511 Sudley Road, , , Manassas, VA, 20109"
Manhattan Project National Historical Park,c/o NPS Intermountain Regional Office,12795 West Alameda Parkway,Lakewood,CO,80228,"Manhattan Project National Historical Park, c/o NPS Intermountain Regional Office, 12795 West Alameda Parkway, Lakewood, CO, 80228"
Manzanar National Historic Site,,5001 Highway 395,Independence,CA,93526,"Manzanar National Historic Site, , 5001 Highway 395, Independence, CA, 93526"
Billings Farm & Museum Parking Lot,69 Old River Rd,,Woodstock,VT,05091,"Billings Farm & Museum Parking Lot, 69 Old River Rd, , Woodstock, VT, 05091"
1850 West Basin Drive SW,,,Washington,DC,20024,"1850 West Basin Drive SW, , , Washington, DC, 20024"
"450 Auburn Avenue, NE",,,Atlanta,GA,30312,"450 Auburn Avenue, NE, , , Atlanta, GA, 30312"
Martin Van Buren NHS,1013 Old Post Road,,Kinderhook,NY,12106-3605,"Martin Van Buren NHS, 1013 Old Post Road, , Kinderhook, NY, 12106-3605"
1318 Vermont Avenue NW,,,Washington,DC,20005,"1318 Vermont Avenue NW, , , Washington, DC, 20005"
2332 Margaret Walker Alexander Drive,,,Jackson,MS,39213,"2332 Margaret Walker Alexander Drive, , , Jackson, MS, 39213"
Mile .7 Headquarters Loop Road,,,Mesa Verde National Park,CO,81330,"Mile .7 Headquarters Loop Road, , , Mesa Verde National Park, CO, 81330"
Mill Springs Battlefield National Monument,9020 West Highway 80,,Nancy,KY,42544,"Mill Springs Battlefield National Monument, 9020 West Highway 80, , Nancy, KY, 42544"
1428 Hunt Road,,,Jerome,ID,83338,"1428 Hunt Road, , , Jerome, ID, 83338"
Minute Man Visitor Center,210 North Great Road,,Lincoln,MA,01773,"Minute Man Visitor Center, 210 North Great Road, , Lincoln, MA, 01773"
24545 Cottonwood Road,,,Philip,SD,57567,"24545 Cottonwood Road, , , Philip, SD, 57567"
"111 E. Kellogg Blvd., Suite 105",,,Saint Paul,MN,55101,"111 E. Kellogg Blvd., Suite 105, , , Saint Paul, MN, 55101"
508 East 2nd Street,,,Yankton,SD,57078,"508 East 2nd Street, , , Yankton, SD, 57078"
90942 Kelso Cima Road,,,Kelso,CA,92309,"90942 Kelso Cima Road, , , Kelso, CA, 92309"
5201 Urbana Pike,,,Frederick,MD,21704,"5201 Urbana Pike, , , Frederick, MD, 21704"
2800 Montezuma Castle Road,,,Camp Verde,AZ,86322,"2800 Montezuma Castle Road, , , Camp Verde, AZ, 86322"
40 Patriots Hall Dr.,,,Currie,NC,28435,"40 Patriots Hall Dr., , , Currie, NC, 28435"
National Trails Office Regions 6|7|8,Mormon Pioneer National Historic Trail,1100 Old Santa Fe Trail,Santa Fe,NM,87505,"National Trails Office Regions 6|7|8, Mormon Pioneer National Historic Trail, 1100 Old Santa Fe Trail, Santa Fe, NM, 87505"
30 Washington Place,,,Morristown,NJ,07960,"30 Washington Place, , , Morristown, NJ, 07960"
55210 238th Avenue East,,,Ashford,WA,98304,"55210 238th Avenue East, , , Ashford, WA, 98304"
13000 Highway 244,"Building 31, Suite 1",,Keystone,SD,57751,"13000 Highway 244, Building 31, Suite 1, , Keystone, SD, 57751"
Muir Woods National Monument,1 Muir Woods Rd,,Mill Valley,CA,94941,"Muir Woods National Monument, 1 Muir Woods Rd, , Mill Valley, CA, 94941"
640 South Canal Street,,,Natchez,MS,39120,"640 South Canal Street, , , Natchez, MS, 39120"
2680 Natchez Trace Parkway,,,Tupelo,MS,38804,"2680 Natchez Trace Parkway, , , Tupelo, MS, 38804"
2680 Natchez Trace Parkway,,,Tupelo,MS,38804,"2680 Natchez Trace Parkway, , , Tupelo, MS, 38804"
1900 Anacostia Drive SE,,,Washington,DC,20020,"1900 Anacostia Drive SE, , , Washington, DC, 20020"
Washington Monument (NOT FOR MAIL- LOCATION ONLY),2 15th St NW,,Washington,DC,20024,"Washington Monument (NOT FOR MAIL- LOCATION ONLY), 2 15th St NW, , Washington, DC, 20024"
National Park of American Samoa,"MHJ Building, 2nd Floor",,Pago Pago,AS,96799,"National Park of American Samoa, MHJ Building, 2nd Floor, , Pago Pago, AS, 96799"
26 Wall Street,,,New York,NY,10007,"26 Wall Street, , , New York, NY, 10007"
At the end of UT-275,"Approximately 45 minutes' drive west of Blanding, Utah",,Lake Powell,UT,84533,"At the end of UT-275, Approximately 45 minutes' drive west of Blanding, Utah, , Lake Powell, UT, 84533"
End of AZ Highway 564,,,Shonto,AZ,86054,"End of AZ Highway 564, , , Shonto, AZ, 86054"
33 William Street,,,New Bedford,MA,02740,"33 William Street, , , New Bedford, MA, 02740"
New England Trail,c/o Springfield Armory National Historic Site,"One Armory Square, Suite 2",Springfield,MA,01105,"New England Trail, c/o Springfield Armory National Historic Site, One Armory Square, Suite 2, Springfield, MA, 01105"
15 Springfield Road,,,New Lisbon,NJ,08064,"15 Springfield Road, , , New Lisbon, NJ, 08064"
916 N Peters St,,,New Orleans,LA,70116,"916 N Peters St, , , New Orleans, LA, 70116"
104 Main Street,,,Glen Jean,WV,25846,"104 Main Street, , , Glen Jean, WV, 25846"
Nez Perce National Historical Park,39063 US Hwy 95,,Lapwai,ID,83540-9715,"Nez Perce National Historical Park, 39063 US Hwy 95, , Lapwai, ID, 83540-9715"
304 Washington Ave.,,,Nicodemus,KS,67625-3015,"304 Washington Ave., , , Nicodemus, KS, 67625-3015"
Ninety Six National Historic Site,1103 Hwy 248,,Ninety Six,SC,29666,"Ninety Six National Historic Site, 1103 Hwy 248, , Ninety Six, SC, 29666"
214 W US Highway 20,,,Valentine,NE,69201,"214 W US Highway 20, , , Valentine, NE, 69201"
171 3rd Ave,,,Kotzebue,AK,99752,"171 3rd Ave, , , Kotzebue, AK, 99752"
810 State Route 20,,,Sedro-Woolley,WA,98284,"810 State Route 20, , , Sedro-Woolley, WA, 98284"
"318 East Main Street, Suite K",,,Lowell,MI,49331,"318 East Main Street, Suite K, , , Lowell, MI, 49331"
208 N. Maiden Street,,,Wartburg,TN,37887,"208 N. Maiden Street, , , Wartburg, TN, 37887"
1207 Emery Hwy,,,Macon,GA,31217,"1207 Emery Hwy, , , Macon, GA, 31217"
Oklahoma City National Memorial,"301 NW 6th Street, Suite 305",,Oklahoma City,OK,73102-0676,"Oklahoma City National Memorial, 301 NW 6th Street, Suite 305, , Oklahoma City, OK, 73102-0676"
National Trails Office Regions 6|7|8,Old Spanish National Historic Trail,1100 Old Santa Fe Trail,Santa Fe,NM,87505,"National Trails Office Regions 6|7|8, Old Spanish National Historic Trail, 1100 Old Santa Fe Trail, Santa Fe, NM, 87505"
Olympic National Park Visitor Center,3002 Mount Angeles Road,,Port Angeles,WA,98362,"Olympic National Park Visitor Center, 3002 Mount Angeles Road, , Port Angeles, WA, 98362"
21000 Caves Hwy,,,Cave Junction,OR,97523,"21000 Caves Hwy, , , Cave Junction, OR, 97523"
"National Trails Office - Regions 6, 7, 8",Oregon National Historic Trail,1100 Old Santa Fe Trail,Santa Fe,NM,87505,"National Trails Office - Regions 6, 7, 8, Oregon National Historic Trail, 1100 Old Santa Fe Trail, Santa Fe, NM, 87505"
10 Organ Pipe Drive,,,Ajo,AZ,85321,"10 Organ Pipe Drive, , , Ajo, AZ, 85321"
4001 Chesnee Hwy,,,Gaffney,SC,29341,"4001 Chesnee Hwy, , , Gaffney, SC, 29341"
1967 Bald Eagle Road,,,Oxon Hill,MD,20745,"1967 Bald Eagle Road, , , Oxon Hill, MD, 20745"
404 Watercress Drive,,,Van Buren,MO,63965,"404 Watercress Drive, , , Van Buren, MO, 63965"
20420 Park Road 22,,,Corpus Christi,TX,78418,"20420 Park Road 22, , , Corpus Christi, TX, 78418"
7200 Paredes Line Road,,,Brownsville,TX,78526,"7200 Paredes Line Road, , , Brownsville, TX, 78526"
72 McBride Avenue Extension,,,Paterson,NJ,07501,"72 McBride Avenue Extension, , , Paterson, NJ, 07501"
15930 National Park Drive,,,Garfield,AR,72732,"15930 National Park Drive, , , Garfield, AR, 72732"
National Park Service,Pearl Harbor National Memorial,1 Arizona Memorial Place,Honolulu,HI,96818,"National Park Service, Pearl Harbor National Memorial, 1 Arizona Memorial Place, Honolulu, HI, 96818"
Pecos National Historical Park,1 Peach Drive,,Pecos,NM,87552,"Pecos National Historical Park, 1 Peach Drive, , Pecos, NM, 87552"
"1 Pennsylvania Ave, NW",,,Washington,DC,20002,"1 Pennsylvania Ave, NW, , , Washington, DC, 20002"
93 Delaware Avenue,,,Put-in-Bay,OH,43456,"93 Delaware Avenue, , , Put-in-Bay, OH, 43456"
Petersburg National Battlefield,Eastern Front Unit Visitor Center,5001 Siege Road,Petersburg,VA,23803,"Petersburg National Battlefield, Eastern Front Unit Visitor Center, 5001 Siege Road, Petersburg, VA, 23803"
Exit 311,Interstate 40,,Petrified Forest,AZ,86028,"Exit 311, Interstate 40, , Petrified Forest, AZ, 86028"
Visitor Information Center,Unser Blvd. NW at Western Trail,GPS Lat: 35.139   GPS Long: -106.711,Albuquerque,NM,87120,"Visitor Information Center, Unser Blvd. NW at Western Trail, GPS Lat: 35.139   GPS Long: -106.711, Albuquerque, NM, 87120"
1505 Sand Point Road,,,Munising,MI,49862,"1505 Sand Point Road, , , Munising, MI, 49862"
5000 East Entrance Road,,,Paicines,CA,95043,"5000 East Entrance Road, , , Paicines, CA, 95043"
Pipe Spring National Monument,,406 Pipe Springs Road,Fredonia,AZ,86022,"Pipe Spring National Monument, , 406 Pipe Springs Road, Fredonia, AZ, 86022"
36 Reservation Ave,,,Pipestone,MN,56164,"36 Reservation Ave, , , Pipestone, MN, 56164"
3400 Bryan Point Road,,,Accokeek,MD,20607,"3400 Bryan Point Road, , , Accokeek, MD, 20607"
1 Bear Valley Road,,,Point Reyes Station,CA,94956,"1 Bear Valley Road, , , Point Reyes Station, CA, 94956"
National Trails Regions 6|7|8,Pony Express National Historic Trail,1100 Old Santa Fe Trail,Santa Fe,NM,87505,"National Trails Regions 6|7|8, Pony Express National Historic Trail, 1100 Old Santa Fe Trail, Santa Fe, NM, 87505"
4202 Alhambra Ave,,,Martinez,CA,94553,"4202 Alhambra Ave, , , Martinez, CA, 94553"
Potomac Heritage National Scenic Trail,c/o Chesapeake and Ohio Canal National Historical Park,142 W. Potomac St.,Williamsport,MD,21795,"Potomac Heritage National Scenic Trail, c/o Chesapeake and Ohio Canal National Historical Park, 142 W. Potomac St., Williamsport, MD, 21795"
6859 Hwy. 577,,,Pioneer,LA,71266,"6859 Hwy. 577, , , Pioneer, LA, 71266"
117 South Hervey Street,,,Hope,AR,71801,"117 South Hervey Street, , , Hope, AR, 71801"
"1450 Pennsylvania Ave., NW",,,Washington,DC,20230,"1450 Pennsylvania Ave., NW, , , Washington, DC, 20230"
Presidio of San Francisco,,,San Francisco,CA,94129,"Presidio of San Francisco, , , San Francisco, CA, 94129"
18170 Park Entrance Road,,,Triangle,VA,22172,"18170 Park Entrance Road, , , Triangle, VA, 22172"
610 E. 111th Street,,,Chicago,IL,60628,"610 E. 111th Street, , , Chicago, IL, 60628"
Highway 160,,,Hōnaunau,HI,96726,"Highway 160, , , Hōnaunau, HI, 96726"
Pu'ukohola Heiau National Historic Site,62-3601 Kawaihae Road,,Kawaihae,HI,96743,"Pu'ukohola Heiau National Historic Site, 62-3601 Kawaihae Road, , Kawaihae, HI, 96743"
Rainbow Bridge National Monument,Forbidding Canyon,,Lake Powell,UT,00000,"Rainbow Bridge National Monument, Forbidding Canyon, , Lake Powell, UT, 00000"
706 Craven Street,,,Beaufort,SC,29902,"706 Craven Street, , , Beaufort, SC, 29902"
1111 Second Street,,,Crescent City,CA,95531,"1111 Second Street, , , Crescent City, CA, 95531"
3215 E. Broad Street,,,Richmond,VA,23223,"3215 E. Broad Street, , , Richmond, VA, 23223"
Rio Grande Wild & Scenic River,1 Panther Junction,,Big Bend National Park,TX,79834,"Rio Grande Wild & Scenic River, 1 Panther Junction, , Big Bend National Park, TX, 79834"
333 N. Dixie Hwy.,,,Monroe,MI,48162,"333 N. Dixie Hwy., , , Monroe, MI, 48162"
"5200 Glover Rd, NW",,,Washington,DC,20015,"5200 Glover Rd, NW, , , Washington, DC, 20015"
1000 US Hwy 36,,,Estes Park,CO,80517,"1000 US Hwy 36, , , Estes Park, CO, 80517"
282 North Main Street,,,Providence,RI,02903,"282 North Main Street, , , Providence, RI, 02903"
PO Box 129,,,Lubec,ME,04652,"PO Box 129, , , Lubec, ME, 04652"
"1414 Harbour Way South, Suite 3000",,,Richmond,CA,94804,"1414 Harbour Way South, Suite 3000, , , Richmond, CA, 94804"
3729 County Road 98,,,Bridgeport,AL,35740,"3729 County Road 98, , , Bridgeport, AL, 35740"
20 Sagamore Hill Road,,,Oyster Bay,NY,11771,"20 Sagamore Hill Road, , , Oyster Bay, NY, 11771"
3693 S Old Spanish Trail,,,Tucson,AZ,85730,"3693 S Old Spanish Trail, , , Tucson, AZ, 85730"
84 Saint Croix Drive,,,Calais,ME,04619,"84 Saint Croix Drive, , , Calais, ME, 04619"
401 North Hamilton Street,,,St. Croix Falls,WI,54024,"401 North Hamilton Street, , , St. Croix Falls, WI, 54024"
897 South Columbus Avenue,,,Mount Vernon,NY,10550,"897 South Columbus Avenue, , , Mount Vernon, NY, 10550"
139 Saint Gaudens Road,,,Cornish,NH,03745,"139 Saint Gaudens Road, , , Cornish, NH, 03745"
Salem Armory Visitor Center,2 New Liberty Street,,Salem,MA,01970,"Salem Armory Visitor Center, 2 New Liberty Street, , Salem, MA, 01970"
Salinas Pueblo Missions National Monument,105 South Ripley Avenue,,Mountainair,NM,87036-0517,"Salinas Pueblo Missions National Monument, 105 South Ripley Avenue, , Mountainair, NM, 87036-0517"
Route 75 Salt River Bay,,,Christiansted,VI,00820,"Route 75 Salt River Bay, , , Christiansted, VI, 00820"
Visitor Center at Mission San José,6701 San Jose Drive,,San Antonio,TX,78214,"Visitor Center at Mission San José, 6701 San Jose Drive, , San Antonio, TX, 78214"
2905 Hyde Street,,,San Francisco,CA,94109,"2905 Hyde Street, , , San Francisco, CA, 94109"
4668 Cattle Point Rd.,,,Friday Harbor,WA,98250,"4668 Cattle Point Rd., , , Friday Harbor, WA, 98250"
501 Norzagaray Street,Castillo San Cristobal,,San Juan,PR,00901,"501 Norzagaray Street, Castillo San Cristobal, , San Juan, PR, 00901"
1301 Maine Street,,,Eads,CO,81036,"1301 Maine Street, , , Eads, CO, 81036"
National Trails Office Regions 6|7|8,Santa Fe National Historic Trail,1100 Old Santa Fe Trail,Santa Fe,NM,87505,"National Trails Office Regions 6|7|8, Santa Fe National Historic Trail, 1100 Old Santa Fe Trail, Santa Fe, NM, 87505"
26876 Mulholland Highway,,,Calabasas,CA,91302,"26876 Mulholland Highway, , , Calabasas, CA, 91302"
648 Route 32,,,Stillwater,NY,12170,"648 Route 32, , , Stillwater, NY, 12170"
244 Central St,,,Saugus,MA,01906,"244 Central St, , , Saugus, MA, 01906"
190276 Old Oregon Trail,,,Gering,NE,69341,"190276 Old Oregon Trail, , , Gering, NE, 69341"
7002 U.S. Highway 80 West,,,White Hall,AL,36040,"7002 U.S. Highway 80 West, , , White Hall, AL, 36040"
47050 Generals Highway,,,Three Rivers,CA,93271,"47050 Generals Highway, , , Three Rivers, CA, 93271"
Shenandoah National Park,3655 U.S. Highway 211 East,,Luray,VA,22835,"Shenandoah National Park, 3655 U.S. Highway 211 East, , Luray, VA, 22835"
1055 Pittsburg Landing Road,,,Shiloh,TN,38376,"1055 Pittsburg Landing Road, , , Shiloh, TN, 38376"
106 Metlakatla Street,,,Sitka,AK,99835,"106 Metlakatla Street, , , Sitka, AK, 99835"
9922 Front Street,,,Empire,MI,49630,"9922 Front Street, , , Empire, MI, 49630"
Springfield Armory National Historic Site,One Armory Square,Suite 2,Springfield,MA,01105,"Springfield Armory National Historic Site, One Armory Square, Suite 2, Springfield, MA, 01105"
2400 East Fort Avenue,,,Baltimore,MD,21230,"2400 East Fort Avenue, , , Baltimore, MD, 21230"
Liberty Island,,,New York,NY,10004,"Liberty Island, , , New York, NY, 10004"
Ste. Genevieve National Historical Park,339 St. Marys Road,,Ste. Genevieve,MO,63670,"Ste. Genevieve National Historical Park, 339 St. Marys Road, , Ste. Genevieve, MO, 63670"
350 Cliff Street,,,Scranton,PA,18503,"350 Cliff Street, , , Scranton, PA, 18503"
1563 North Thompson Lane,,,Murfreesboro,TN,37129,"1563 North Thompson Lane, , , Murfreesboro, TN, 37129"
"Intersection of Christopher, Grove, and Fourth Streets.",,,New York,NY,10014,"Intersection of Christopher, Grove, and Fourth Streets., , , New York, NY, 10014"
6082 Sunset Crater Road,,,Flagstaff,AZ,86004,"6082 Sunset Crater Road, , , Flagstaff, AZ, 86004"
2480B KS Hwy 177,,,Strong City,KS,66869,"2480B KS Hwy 177, , , Strong City, KS, 66869"
3rd and Pine Streets,,,Philadelphia,PA,19106,"3rd and Pine Streets, , , Philadelphia, PA, 19106"
28 East 20th Street,,,New York,NY,10003,"28 East 20th Street, , , New York, NY, 10003"
Theodore Roosevelt Inaugural Site,641 Delaware Avenue,,Buffalo,NY,14202,"Theodore Roosevelt Inaugural Site, 641 Delaware Avenue, , Buffalo, NY, 14202"
George Washington Memorial Parkway,northbound lanes between Roosevelt Bridge and Key Bridge,,Arlington,VA,22209,"George Washington Memorial Parkway, northbound lanes between Roosevelt Bridge and Key Bridge, , Arlington, VA, 22209"
315 Second Avenue,,,Medora,ND,58645,"315 Second Avenue, , , Medora, ND, 58645"
218 Spring Street,,,Catskill,NY,12414,"218 Spring Street, , , Catskill, NY, 12414"
211 Main Street,,,West Orange,NJ,07052,"211 Main Street, , , West Orange, NJ, 07052"
"16 East Basin Drive, SW",,,Washington,DC,200024,"16 East Basin Drive, SW, , , Washington, DC, 200024"
6655 Rose Hill Road,,,Port Tobacco,MD,20677,"6655 Rose Hill Road, , , Port Tobacco, MD, 20677"
2038 W. Alpine Loop Road,,,American Fork,UT,84003,"2038 W. Alpine Loop Road, , , American Fork, UT, 84003"
12713 Fort Caroline Road,,,Jacksonville,FL,32225,"12713 Fort Caroline Road, , , Jacksonville, FL, 32225"
26260 N AZ Hwy 188 Lot 2,,,Roosevelt,AZ,85545,"26260 N AZ Hwy 188 Lot 2, , , Roosevelt, AZ, 85545"
85 Touro Street,,,Newport,RI,02840,"85 Touro Street, , , Newport, RI, 02840"
National Trails Office Regions 6|7|8,Trail of Tears National Historic Trail,1100 Old Santa Fe Trail,Santa Fe,NM,87505,"National Trails Office Regions 6|7|8, Trail of Tears National Historic Trail, 1100 Old Santa Fe Trail, Santa Fe, NM, 87505"
44340 Hwy 139,,,Tuelake,CA,96134,"44340 Hwy 139, , , Tuelake, CA, 96134"
Tule Springs Fossil Beds National Monument,Durango & Moccasin Parking Area,Durango Drive & Moccasin Road,Las Vegas,NV,89143,"Tule Springs Fossil Beds National Monument, Durango & Moccasin Parking Area, Durango Drive & Moccasin Road, Las Vegas, NV, 89143"
1895 E Frontage Road,,,Tumacacori,AZ,85640,"1895 E Frontage Road, , , Tumacacori, AZ, 85640"
2083 Main St,,,Tupelo,MS,38801,"2083 Main St, , , Tupelo, MS, 38801"
1616 Chappie James Ave.,,,Tuskegee,AL,36083,"1616 Chappie James Ave., , , Tuskegee, AL, 36083"
1212 West Montgomery Road,,,Tuskegee Institute,AL,36088,"1212 West Montgomery Road, , , Tuskegee Institute, AL, 36088"
25 Tuzigoot Rd,,,Clarkdale,AZ,86324,"25 Tuzigoot Rd, , , Clarkdale, AZ, 86324"
7400 Grant Road,,,St. Louis,MO,63123,"7400 Grant Road, , , St. Louis, MO, 63123"
274 River Road,,,Beach Lake,PA,18405,"274 River Road, , , Beach Lake, PA, 18405"
39201 New Mexico Highway 4,,,Jemez Springs,NM,87025,"39201 New Mexico Highway 4, , , Jemez Springs, NM, 87025"
1400 North Outer Line Drive,,,King of Prussia,PA,19406,"1400 North Outer Line Drive, , , King of Prussia, PA, 19406"
81 Vanderbilt Park Road,,,Hyde Park,NY,12538,"81 Vanderbilt Park Road, , , Hyde Park, NY, 12538"
3201 Clay Street,,,Vicksburg,MS,39183,"3201 Clay Street, , , Vicksburg, MS, 39183"
5 Henry Bacon Drive NW,,,Washington,DC,20002,"5 Henry Bacon Drive NW, , , Washington, DC, 20002"
Hurrican Hole,,,St. John,VI,00830,"Hurrican Hole, , , St. John, VI, 00830"
1300 Cruz Bay Creek,,,St. John,VI,00830,"1300 Cruz Bay Creek, , , St. John, VI, 00830"
Voyageurs National Park Headquarters,360 Hwy 11 East,,International Falls,MN,56649,"Voyageurs National Park Headquarters, 360 Hwy 11 East, , International Falls, MN, 56649"
6220 Steinbeck Bend Drive,,,Waco,TX,76708,"6220 Steinbeck Bend Drive, , , Waco, TX, 76708"
3 Walnut Canyon Road,,,Flagstaff,AZ,86004,"3 Walnut Canyon Road, , , Flagstaff, AZ, 86004"
135 Murray Blvd.,Ste. 100,,Hagatna,GU,96910,"135 Murray Blvd., Ste. 100, , Hagatna, GU, 96910"
2 15th St. NW,,,Washington,DC,20024,"2 15th St. NW, , , Washington, DC, 20024"
Washington-Rochambeau National Historic Trail,Make requests of Trail Administrator at Johnny_Carawan@NPS.gov,1400 North Outer Line Drive,King of Prussia,PA,19406,"Washington-Rochambeau National Historic Trail, Make requests of Trail Administrator at Johnny_Carawan@NPS.gov, 1400 North Outer Line Drive, King of Prussia, PA, 19406"
"18555 Hwy 47A, Ste. A",,,Cheyenne,OK,73628,"18555 Hwy 47A, Ste. A, , , Cheyenne, OK, 73628"
735 Nod Hill Road,,,Wilton,CT,06897,"735 Nod Hill Road, , , Wilton, CT, 06897"
14412 Kennedy Memorial Drive,,,Whiskeytown,CA,96095,"14412 Kennedy Memorial Drive, , , Whiskeytown, CA, 96095"
19955 Hwy 70 W,,,Alamogordo,NM,88310,"19955 Hwy 70 W, , , Alamogordo, NM, 88310"
328 Whitman Mission Road,,,Walla Walla,WA,99362,"328 Whitman Mission Road, , , Walla Walla, WA, 99362"
2038 Auburn Avenue,,,Cincinnati,OH,45219,"2038 Auburn Avenue, , , Cincinnati, OH, 45219"
6424 W. Farm Road 182,,,Republic,MO,65738,"6424 W. Farm Road 182, , , Republic, MO, 65738"
26611 US Highway 385,,,Hot Springs,SD,57747,"26611 US Highway 385, , , Hot Springs, SD, 57747"
719 South King Street,,,Seattle,WA,98104,"719 South King Street, , , Seattle, WA, 98104"
1551 Trap Road,,,Vienna,VA,22182-1643,"1551 Trap Road, , , Vienna, VA, 22182-1643"
136 Fall Street,,,Seneca Falls,NY,13148,"136 Fall Street, , , Seneca Falls, NY, 13148"
"1493 Pennsylvania Avenue NW,",,,Washington,DC,20004,"1493 Pennsylvania Avenue NW,, , , Washington, DC, 20004"
1750 Independence Ave. SW,,,Washington,DC,20024,"1750 Independence Ave. SW, , , Washington, DC, 20024"
Wrangell-St. Elias National Park & Preserve,Mile 106.8 Richardson Highway,,Copper Center,AK,99573,"Wrangell-St. Elias National Park & Preserve, Mile 106.8 Richardson Highway, , Copper Center, AK, 99573"
1000 North Croatan Highway,,,Kill Devil Hills,NC,27948,"1000 North Croatan Highway, , , Kill Devil Hills, NC, 27948"
25137 N. Sunset Crater-Wupatki Loop Rd.,,,Flagstaff,AZ,86004,"25137 N. Sunset Crater-Wupatki Loop Rd., , , Flagstaff, AZ, 86004"
2 Officers Row,Yellowstone National Park Headquarters,,Yellowstone National Park,WY,82190,"2 Officers Row, Yellowstone National Park Headquarters, , Yellowstone National Park, WY, 82190"
Yorktown Battlefield,1000 Colonial Parkway,,Yorktown,VA,23690,"Yorktown Battlefield, 1000 Colonial Parkway, , Yorktown, VA, 23690"
9039 Village Drive,,,Yosemite,CA,95389,"9039 Village Drive, , , Yosemite, CA, 95389"
Off County Rd 20.5,,,Cortez,CO,81321,"Off County Rd 20.5, , , Cortez, CO, 81321"
101 Dunkel St,Suite 110,,Fairbanks,AK,99701,"101 Dunkel St, Suite 110, , Fairbanks, AK, 99701"
Zion National Park,1 Zion Park Blvd.,,Springdale,UT,84767,"Zion National Park, 1 Zion Park Blvd., , Springdale, UT, 84767"
